text_per_tr	words_per_tr	onsets_per_tr	durations_per_tr
	[]	[]	[]
	[]	[]	[]
	[]	[]	[]
	[]	[]	[]
	[]	[]	[]
	[]	[]	[]
	[]	[]	[]
	[]	[]	[]
	[]	[]	[]
	[]	[]	[]
	[]	[]	[]
	[]	[]	[]
There's 	"[""There's""]"	[18.97]	[0.176]
nothing to tell. 	['nothing', 'to', 'tell.']	[19.178, 19.476, 19.668]	[0.244, 0.17, 0.572]
Just some guy I work 	['Just', 'some', 'guy', 'I', 'work']	[20.85, 21.316, 21.572, 21.748, 21.908]	[0.412, 0.218, 0.154, 0.138, 0.234]
with. Come on, 	['with.', 'Come', 'on,']	[22.196, 22.9, 23.316]	[0.554, 0.362, 0.458]
you're going out with the guy. 	"[""you're"", 'going', 'out', 'with', 'the', 'guy.']"	[23.892, 24.362, 24.548, 24.772, 24.884, 25.028]	[0.422, 0.164, 0.186, 0.106, 0.122, 0.186]
There's got to be something wrong with 	"[""There's"", 'got', 'to', 'be', 'something', 'wrong', 'with']"	[25.252, 25.434, 25.524, 25.668, 25.828, 26.116, 26.372]	[0.166, 0.084, 0.122, 0.138, 0.234, 0.218, 0.154]
him. All right, 	['him.', 'All', 'right,']	[26.548, 27.81, 28.148]	[0.572, 0.316, 0.138]
joey, be nice. 	['joey,', 'be', 'nice.']	[28.308, 28.698, 28.932]	[0.358, 0.196, 0.588]
So does he have a hump? A 	['So', 'does', 'he', 'have', 'a', 'hump?', 'A']	[30.01, 30.412, 30.588, 30.684, 30.828, 30.924, 31.138]	[0.364, 0.154, 0.09, 0.122, 0.09, 0.182, 0.1]
hump and a hairpiece. 	['hump', 'and', 'a', 'hairpiece.']	[31.244, 31.458, 31.564, 31.708]	[0.182, 0.1, 0.122, 0.842]
	[]	[]	[]
Wait, does he eat 	['Wait,', 'does', 'he', 'eat']	[34.41, 34.876, 35.068, 35.228]	[0.412, 0.17, 0.138, 0.234]
chalk? 	['chalk?']	[35.516]	[0.714]
Just because I don't want her to go through 	"['Just', 'because', 'I', ""don't"", 'want', 'her', 'to', 'go', 'through']"	[36.97, 37.372, 37.548, 37.708, 37.868, 38.028, 38.188, 38.348, 38.508]	[0.364, 0.154, 0.138, 0.138, 0.138, 0.138, 0.138, 0.138, 0.138]
what I went through with 	['what', 'I', 'went', 'through', 'with']	[38.668, 38.828, 38.924, 39.068, 39.292]	[0.138, 0.09, 0.122, 0.186, 0.154]
Carl okay, everybody 	['Carl', 'okay,', 'everybody']	[39.468, 40.434, 40.812]	[0.79, 0.34, 0.298]
relax. Relax. 	['relax.', 'Relax.']	[41.18, 42.57]	[0.73, 0.504]
This is not even a date. 	['This', 'is', 'not', 'even', 'a', 'date.']	[43.122, 43.308, 43.484, 43.648, 43.808, 43.968]	[0.164, 0.15, 0.142, 0.138, 0.138, 0.378]
It's not? It's just two people going out 	"[""It's"", 'not?', ""It's"", 'just', 'two', 'people', 'going', 'out']"	[44.448, 44.758, 44.992, 45.174, 45.328, 45.552, 45.792, 45.968]	[0.278, 0.196, 0.166, 0.132, 0.186, 0.202, 0.154, 0.138]
to dinner and not having 	['to', 'dinner', 'and', 'not', 'having']	[46.128, 46.288, 46.598, 47.088, 47.392]	[0.138, 0.278, 0.388, 0.266, 0.25]
sex. 	['sex.']	[47.696]	[0.714]
Sounds like a date to 	['Sounds', 'like', 'a', 'date', 'to']	[49.47, 49.872, 50.048, 50.144, 50.352]	[0.364, 0.154, 0.09, 0.17, 0.154]
me. 	['me.']	[50.528]	[0.572]
	[]	[]	[]
All right, so I'm back in 	"['All', 'right,', 'so', ""I'm"", 'back', 'in']"	[53.87, 54.208, 54.368, 54.528, 54.688, 54.848]	[0.316, 0.138, 0.138, 0.138, 0.138, 0.15]
high school. I'm standing in the middle of the 	"['high', 'school.', ""I'm"", 'standing', 'in', 'the', 'middle', 'of', 'the']"	[55.024, 55.188, 55.348, 55.514, 55.754, 55.844, 55.924, 56.004, 56.084]	[0.142, 0.138, 0.15, 0.224, 0.084, 0.074, 0.074, 0.074, 0.122]
cafeteria and I realize I 	['cafeteria', 'and', 'I', 'realize', 'I']	[56.228, 56.938, 57.108, 57.332, 57.786]	[0.678, 0.148, 0.186, 0.39, 0.18]
am totally 	['am', 'totally']	[57.988, 58.276]	[0.234, 0.794]
naked. 	['naked.']	[59.57]	[0.94]
	[]	[]	[]
Then I look down 	['Then', 'I', 'look', 'down']	[62.69, 63.156, 63.412, 63.652]	[0.412, 0.218, 0.202, 0.25]
and I realize there is a 	['and', 'I', 'realize', 'there', 'is', 'a']	[63.956, 64.148, 64.308, 64.682, 64.868, 65.092]	[0.17, 0.138, 0.326, 0.164, 0.186, 0.154]
phone 	['phone']	[65.268]	[0.572]
there. 	['there.']	[67.59]	[0.75]
	[]	[]	[]
	[]	[]	[]
Instead of that's right? 	"['Instead', 'of', ""that's"", 'right?']"	[71.35, 71.816, 72.136, 72.398]	[0.412, 0.266, 0.23, 0.582]
	[]	[]	[]
All of a sudden, 	['All', 'of', 'a', 'sudden,']	[75.03, 75.368, 75.528, 75.688]	[0.316, 0.138, 0.138, 0.294]
the phone 	['the', 'phone']	[76.046, 76.312]	[0.228, 0.588]
starts to ring. 	['starts', 'to', 'ring.']	[77.43, 77.998, 78.232]	[0.536, 0.196, 0.698]
Now I 	['Now', 'I']	[79.75, 80.152]	[0.364, 0.166]
don't know what to do. Everybody 	"[""don't"", 'know', 'what', 'to', 'do.', 'Everybody']"	[80.344, 80.508, 80.604, 80.748, 80.972, 81.276]	[0.142, 0.09, 0.122, 0.186, 0.25, 0.362]
starts looking at me. They weren't 	"['starts', 'looking', 'at', 'me.', 'They', ""weren't""]"	[81.724, 82.098, 82.396, 82.588, 82.94, 83.148]	[0.342, 0.244, 0.17, 0.282, 0.186, 0.198]
looking at you before? 	['looking', 'at', 'you', 'before?']	[83.378, 83.612, 83.724, 83.932]	[0.196, 0.106, 0.17, 0.588]
	[]	[]	[]
Finally, I figure I'd 	"['Finally,', 'I', 'figure', ""I'd""]"	[86.49, 87.084, 87.308, 87.66]	[0.508, 0.202, 0.282, 0.198]
better answer it. 	['better', 'answer', 'it.']	[87.874, 88.22, 88.556]	[0.276, 0.282, 0.604]
And it 	['And', 'it']	[90.41, 90.748]	[0.316, 0.138]
turns out it's my 	"['turns', 'out', ""it's"", 'my']"	[90.908, 91.218, 91.388, 91.698]	[0.278, 0.148, 0.278, 0.196]
mother. 	['mother.']	[91.932]	[0.698]
Which is very, very 	['Which', 'is', 'very,', 'very']	[93.87, 94.336, 94.656, 94.976]	[0.412, 0.266, 0.266, 0.266]
weird because 	['weird', 'because']	[95.296, 95.686]	[0.326, 0.614]
she never 	['she', 'never']	[96.99, 97.392]	[0.364, 0.25]
calls. 	['calls.']	[97.696]	[0.714]
	[]	[]	[]
	[]	[]	[]
	[]	[]	[]
Hi. 	['Hi.']	[103.63]	[0.75]
	[]	[]	[]
This guy 	['This', 'guy']	[108.13, 108.468]	[0.316, 0.234]
says, Hello, I want to kill 	['says,', 'Hello,', 'I', 'want', 'to', 'kill']	[108.756, 109.012, 109.316, 109.444, 109.524, 109.668]	[0.218, 0.25, 0.122, 0.074, 0.122, 0.186]
myself. 	['myself.']	[109.892]	[0.588]
You okay, 	['You', 'okay,']	[111.81, 112.276]	[0.412, 0.266]
sweetie? I just feel 	['sweetie?', 'I', 'just', 'feel']	[112.596, 113.97, 114.308, 114.468]	[0.794, 0.316, 0.138, 0.138]
like someone reached down my throat 	['like', 'someone', 'reached', 'down', 'my', 'throat']	[114.628, 114.788, 115.076, 115.498, 115.668, 115.828]	[0.138, 0.234, 0.39, 0.148, 0.138, 0.278]
grabbed my small 	['grabbed', 'my', 'small']	[116.138, 116.474, 116.628]	[0.32, 0.132, 0.33]
intestine pulled it out of my mouth and 	['intestine', 'pulled', 'it', 'out', 'of', 'my', 'mouth', 'and']	[117.044, 117.866, 118.158, 118.264, 118.408, 118.504, 118.648, 118.942]	[0.738, 0.26, 0.1, 0.122, 0.09, 0.122, 0.246, 0.212]
tied it around my neck. 	['tied', 'it', 'around', 'my', 'neck.']	[119.192, 119.502, 119.688, 119.912, 120.152]	[0.262, 0.164, 0.186, 0.202, 0.262]
Cookie? 	['Cookie?']	[120.462]	[0.868]
	[]	[]	[]
Carol moved her stuff out 	['Carol', 'moved', 'her', 'stuff', 'out']	[123.67, 124.238, 124.478, 124.584, 124.792]	[0.536, 0.208, 0.1, 0.17, 0.154]
today. Let 	['today.', 'Let']	[124.968, 126.23]	[0.572, 0.316]
me get you some. 	['me', 'get', 'you', 'some.']	[126.568, 126.728, 126.824, 126.904]	[0.138, 0.09, 0.074, 0.556]
	[]	[]	[]
	[]	[]	[]
	[]	[]	[]
No, 	['No,']	[133.43]	[0.472]
no, don't. Stop 	"['no,', ""don't."", 'Stop']"	[133.976, 134.188, 134.626]	[0.19, 0.374, 0.324]
cleansing my aura. 	['cleansing', 'my', 'aura.']	[135.02, 135.682, 135.932]	[0.614, 0.212, 0.858]
Don't. Just 	"[""Don't."", 'Just']"	[137.77, 138.178]	[0.376, 0.196]
leave my aura alone, 	['leave', 'my', 'aura', 'alone,']	[138.412, 138.652, 138.892, 139.282]	[0.202, 0.202, 0.342, 0.448]
okay? Fine. Be 	['okay?', 'Fine.', 'Be']	[139.81, 140.54, 141.084]	[0.58, 0.458, 0.25]
murky. 	['murky.']	[141.372]	[0.858]
I'll be fine, all right? 	"[""I'll"", 'be', 'fine,', 'all', 'right?']"	[142.97, 143.378, 143.676, 144.06, 144.268]	[0.376, 0.244, 0.314, 0.186, 0.198]
Really, everyone. I hope she'll be 	"['Really,', 'everyone.', 'I', 'hope', ""she'll"", 'be']"	[144.508, 144.816, 145.2, 145.344, 145.488, 145.718]	[0.254, 0.314, 0.138, 0.122, 0.198, 0.148]
very happy. No, you don't. No, I 	"['very', 'happy.', 'No,', 'you', ""don't."", 'No,', 'I']"	[145.888, 146.112, 146.544, 146.768, 146.928, 147.222, 147.408]	[0.186, 0.346, 0.202, 0.138, 0.246, 0.164, 0.09]
don't. To hell with her. She left 	"[""don't."", 'To', 'hell', 'with', 'her.', 'She', 'left']"	[147.504, 147.718, 147.888, 148.112, 148.288, 148.512, 148.752]	[0.182, 0.148, 0.186, 0.154, 0.186, 0.202, 0.202]
me. 	['me.']	[148.992]	[0.588]
And you never knew she was 	['And', 'you', 'never', 'knew', 'she', 'was']	[150.75, 151.088, 151.248, 151.472, 151.648, 151.808]	[0.316, 0.138, 0.186, 0.154, 0.138, 0.138]
a lesbian? 	['a', 'lesbian?']	[151.968, 152.064]	[0.09, 0.826]
	[]	[]	[]
	[]	[]	[]
No. 	['No.']	[156.93]	[0.7]
Okay? 	['Okay?']	[157.78]	[0.7]
Why does everyone keep 	['Why', 'does', 'everyone', 'keep']	[159.25, 159.588, 159.876, 160.388]	[0.316, 0.234, 0.41, 0.314]
fixating on that? 	['fixating', 'on', 'that?']	[160.756, 161.386, 161.652]	[0.566, 0.228, 0.588]
	[]	[]	[]
She didn't know. How should I 	"['She', ""didn't"", 'know.', 'How', 'should', 'I']"	[163.49, 163.956, 164.218, 164.644, 164.868, 165.092]	[0.412, 0.23, 0.34, 0.202, 0.186, 0.202]
know? 	['know?']	[165.332]	[0.588]
	[]	[]	[]
Sometimes I wish I was a 	['Sometimes', 'I', 'wish', 'I', 'was', 'a']	[168.23, 168.824, 169.048, 169.278, 169.384, 169.528]	[0.508, 0.202, 0.198, 0.1, 0.122, 0.138]
lesbian. 	['lesbian.']	[169.688]	[0.762]
	[]	[]	[]
Did I say that out 	['Did', 'I', 'say', 'that', 'out']	[172.71, 173.112, 173.288, 173.448, 173.608]	[0.364, 0.154, 0.138, 0.138, 0.186]
loud? 	['loud?']	[173.832]	[0.618]
	[]	[]	[]
I told mom and dad 	['I', 'told', 'mom', 'and', 'dad']	[177.35, 177.752, 177.992, 178.232, 178.408]	[0.364, 0.202, 0.202, 0.154, 0.246]
last night. They they seemed to take 	['last', 'night.', 'They', 'they', 'seemed', 'to', 'take']	[178.702, 178.952, 179.256, 179.448, 179.736, 179.998, 180.104]	[0.212, 0.25, 0.17, 0.234, 0.23, 0.1, 0.17]
it pretty well. Oh, 	['it', 'pretty', 'well.', 'Oh,']	[180.312, 180.488, 180.776, 181.224]	[0.154, 0.234, 0.362, 0.262]
really? So that hysterical 	['really?', 'So', 'that', 'hysterical']	[181.528, 182.22, 182.572, 182.748]	[0.542, 0.314, 0.154, 0.486]
phone call I got from a woman 	['phone', 'call', 'I', 'got', 'from', 'a', 'woman']	[183.282, 183.468, 183.692, 183.804, 183.948, 184.108, 184.204]	[0.164, 0.186, 0.106, 0.122, 0.138, 0.09, 0.278]
sobbing at 03:00 a.m. I'll never 	"['sobbing', 'at', '03:00', 'a.m.', ""I'll"", 'never']"	[184.546, 184.978, 185.148, 185.372, 185.772, 185.954]	[0.4, 0.148, 0.186, 0.362, 0.166, 0.18]
have grandchildren, I'll never have 	"['have', 'grandchildren,', ""I'll"", 'never', 'have']"	[186.172, 186.412, 186.978, 187.218, 187.388]	[0.202, 0.534, 0.208, 0.148, 0.186]
grandchildren was what? 	['grandchildren', 'was', 'what?']	[187.612, 188.434, 188.732]	[0.726, 0.26, 0.298]
A wrong number? 	['A', 'wrong', 'number?']	[189.1, 189.308, 189.532]	[0.186, 0.186, 0.588]
Sorry. 	['Sorry.']	[191.37]	[0.748]
All right, ross, 	['All', 'right,', 'ross,']	[192.284, 192.604, 192.832]	[0.294, 0.19, 0.438]
look. You're feeling a lot 	"['look.', ""You're"", 'feeling', 'a', 'lot']"	[193.35, 194.208, 194.598, 194.918, 195.024]	[0.676, 0.358, 0.288, 0.1, 0.074]
of pain right now. 	['of', 'pain', 'right', 'now.']	[195.104, 195.248, 195.6, 195.808]	[0.122, 0.282, 0.186, 0.474]
You're angry. You're 	"[""You're"", 'angry.', ""You're""]"	[196.416, 196.838, 197.686]	[0.39, 0.704, 0.32]
hurting. Can I tell 	['hurting.', 'Can', 'I', 'tell']	[198.038, 198.998, 199.328, 199.488]	[0.768, 0.308, 0.138, 0.09]
you what the answer is? 	['you', 'what', 'the', 'answer', 'is?']	[199.584, 199.728, 199.888, 199.984, 200.256]	[0.122, 0.138, 0.09, 0.218, 0.604]
Strip 	['Strip']	[201.63]	[0.504]
joint. 	['joint.']	[202.182]	[0.708]
Come on, 	['Come', 'on,']	[204.99, 205.392]	[0.364, 0.202]
you're single. Have some 	"[""you're"", 'single.', 'Have', 'some']"	[205.632, 205.958, 206.384, 206.672]	[0.294, 0.34, 0.25, 0.202]
hormones. 	['hormones.']	[206.912]	[1.098]
But I don't want to 	"['But', 'I', ""don't"", 'want', 'to']"	[208.85, 209.252, 209.364, 209.578, 209.876]	[0.364, 0.106, 0.182, 0.244, 0.17]
be single, okay? 	['be', 'single,', 'okay?']	[210.068, 210.292, 210.788]	[0.186, 0.394, 0.652]
I just want to be 	['I', 'just', 'want', 'to', 'be']	[211.89, 212.164, 212.308, 212.468, 212.564]	[0.268, 0.122, 0.138, 0.09, 0.122]
married again. 	['married', 'again.']	[212.708, 213.146]	[0.374, 0.614]
	[]	[]	[]
	[]	[]	[]
And 	['And']	[218.47]	[0.412]
I just want a million 	['I', 'just', 'want', 'a', 'million']	[218.936, 219.32, 219.592, 219.768, 219.928]	[0.314, 0.234, 0.154, 0.138, 0.282]
dollars. 	['dollars.']	[220.28]	[0.62]
	[]	[]	[]
	[]	[]	[]
	[]	[]	[]
Rachel? Oh, 	['Rachel?', 'Oh,']	[226.15, 227.358]	[1.016, 0.356]
God, Monica. Hi. Thank 	['God,', 'Monica.', 'Hi.', 'Thank']	[227.752, 228.056, 228.622, 229.064]	[0.25, 0.518, 0.356, 0.346]
God. I just went to 	['God.', 'I', 'just', 'went', 'to']	[229.48, 230.2, 230.488, 230.648, 230.808]	[0.57, 0.266, 0.138, 0.138, 0.09]
your building and you weren't there. And then 	"['your', 'building', 'and', 'you', ""weren't"", 'there.', 'And', 'then']"	[230.904, 231.048, 231.336, 231.464, 231.608, 231.838, 232.072, 232.184]	[0.122, 0.234, 0.122, 0.122, 0.198, 0.196, 0.106, 0.086]
this guy with a big hammer said that 	['this', 'guy', 'with', 'a', 'big', 'hammer', 'said', 'that']	[232.28, 232.492, 232.732, 232.908, 233.004, 233.148, 233.538, 233.772]	[0.174, 0.202, 0.154, 0.09, 0.122, 0.358, 0.196, 0.106]
you might be here. And you are. You 	['you', 'might', 'be', 'here.', 'And', 'you', 'are.', 'You']	[233.884, 234.028, 234.188, 234.348, 234.572, 234.684, 234.892, 235.196]	[0.122, 0.138, 0.138, 0.186, 0.106, 0.17, 0.25, 0.218]
are. Can I get you 	['are.', 'Can', 'I', 'get', 'you']	[235.452, 236.012, 236.332, 236.444, 236.652]	[0.442, 0.282, 0.106, 0.17, 0.154]
some coffee? 	['some', 'coffee?']	[236.828, 237.052]	[0.186, 0.614]
Decaf. 	['Decaf.']	[237.778]	[1.012]
Hey, everybody. 	['Hey,', 'everybody.']	[240.33, 240.796]	[0.412, 0.458]
This is Rachel. And 	['This', 'is', 'Rachel.', 'And']	[241.372, 241.564, 241.772, 242.242]	[0.186, 0.17, 0.422, 0.416]
another Lincoln high 	['another', 'Lincoln', 'high']	[242.764, 243.136, 243.462]	[0.318, 0.278, 0.212]
survivor. This is everybody. This is 	['survivor.', 'This', 'is', 'everybody.', 'This', 'is']	[243.712, 244.534, 244.704, 244.848, 245.136, 245.328]	[0.726, 0.164, 0.122, 0.234, 0.17, 0.09]
Chandler and Phoebe and 	['Chandler', 'and', 'Phoebe', 'and']	[245.424, 246.006, 246.208, 246.774]	[0.518, 0.18, 0.47, 0.356]
Joey. And you remember 	['Joey.', 'And', 'you', 'remember']	[247.2, 247.894, 248.256, 248.448]	[0.598, 0.308, 0.17, 0.234]
my brother, Ross. 	['my', 'brother,', 'Ross.']	[248.736, 248.928, 249.158]	[0.17, 0.198, 0.48]
Sure. 	['Sure.']	[249.734]	[0.646]
	[]	[]	[]
	[]	[]	[]
	[]	[]	[]
	[]	[]	[]
	[]	[]	[]
	[]	[]	[]
So you want to tell us now, 	['So', 'you', 'want', 'to', 'tell', 'us', 'now,']	[260.53, 260.996, 261.124, 261.268, 261.364, 261.508, 261.732]	[0.412, 0.122, 0.122, 0.09, 0.122, 0.186, 0.25]
or are we waiting for four wet 	['or', 'are', 'we', 'waiting', 'for', 'four', 'wet']	[262.036, 262.356, 262.612, 262.788, 262.954, 263.108, 263.332]	[0.266, 0.218, 0.154, 0.15, 0.132, 0.186, 0.214]
bridesmaids? 	['bridesmaids?']	[263.578]	[1.092]
	[]	[]	[]
Oh, God. Well, 	['Oh,', 'God.', 'Well,']	[266.37, 266.772, 267.396]	[0.364, 0.49, 0.778]
it started about a 	['it', 'started', 'about', 'a']	[268.372, 268.836, 269.22, 269.428]	[0.41, 0.314, 0.186, 0.09]
half hour before the wedding. 	['half', 'hour', 'before', 'the', 'wedding.']	[269.524, 269.748, 269.992, 270.232, 270.344]	[0.182, 0.206, 0.202, 0.106, 0.822]
I was in this room where we 	['I', 'was', 'in', 'this', 'room', 'where', 'we']	[271.358, 271.688, 271.848, 271.944, 272.152, 272.392, 272.504]	[0.308, 0.138, 0.09, 0.17, 0.202, 0.106, 0.122]
were keeping all the presents. 	['were', 'keeping', 'all', 'the', 'presents.']	[272.648, 272.808, 273.054, 273.208, 273.368]	[0.138, 0.23, 0.132, 0.138, 0.694]
And I was looking at this 	['And', 'I', 'was', 'looking', 'at', 'this']	[274.206, 274.552, 274.664, 274.808, 275.032, 275.208]	[0.308, 0.106, 0.122, 0.186, 0.154, 0.186]
gravy boat this 	['gravy', 'boat', 'this']	[275.432, 275.758, 276.654]	[0.294, 0.72, 0.436]
really gorgeous, 	['really', 'gorgeous,']	[277.16, 277.88]	[0.57, 0.694]
lamoge gravy 	['lamoge', 'gravy']	[278.622, 279.262]	[0.592, 0.304]
boat. When all of a sudden I 	['boat.', 'When', 'all', 'of', 'a', 'sudden', 'I']	[279.598, 280.302, 280.568, 280.664, 280.808, 280.904, 281.198]	[0.576, 0.244, 0.09, 0.122, 0.09, 0.262, 0.196]
realized sweet. And 	['realized', 'sweet.', 'And']	[281.432, 281.998, 282.35]	[0.454, 0.332, 0.57]
realized 	['realized']	[283.45]	[1.1]
I 	['I']	[285.69]	[0.316]
realized that I was more turned on 	['realized', 'that', 'I', 'was', 'more', 'turned', 'on']	[286.028, 286.322, 286.508, 286.604, 286.748, 287.036, 287.314]	[0.246, 0.164, 0.09, 0.122, 0.234, 0.262, 0.132]
by this gravy bolt than by 	['by', 'this', 'gravy', 'bolt', 'than', 'by']	[287.468, 287.628, 287.788, 288.114, 288.354, 288.508]	[0.138, 0.138, 0.31, 0.224, 0.132, 0.138]
Barry. And then I got 	['Barry.', 'And', 'then', 'I', 'got']	[288.668, 289.634, 290.012, 290.124, 290.268]	[0.79, 0.34, 0.106, 0.122, 0.186]
really freaked out. And that's 	"['really', 'freaked', 'out.', 'And', ""that's""]"	[290.492, 290.668, 291.058, 291.484, 291.708]	[0.154, 0.358, 0.34, 0.202, 0.23]
when it hit me how much Barry 	['when', 'it', 'hit', 'me', 'how', 'much', 'Barry']	[291.954, 292.108, 292.268, 292.492, 292.876, 293.088, 293.248]	[0.132, 0.138, 0.186, 0.31, 0.19, 0.138, 0.278]
looks like. 	['looks', 'like.']	[293.558, 293.728]	[0.148, 0.572]
	[]	[]	[]
I always know he looked 	['I', 'always', 'know', 'he', 'looked']	[296.67, 296.944, 297.152, 297.328, 297.488]	[0.268, 0.17, 0.154, 0.138, 0.138]
familiar. But 	['familiar.', 'But']	[297.648, 298.31]	[0.582, 0.63]
	[]	[]	[]
	[]	[]	[]
anyway, I 	['anyway,', 'I']	[302.11, 303.47]	[0.75, 0.316]
just had to get out of there and I started 	['just', 'had', 'to', 'get', 'out', 'of', 'there', 'and', 'I', 'started']	[303.808, 304.032, 304.144, 304.288, 304.448, 304.544, 304.624, 304.832, 304.944, 305.088]	[0.186, 0.106, 0.122, 0.138, 0.09, 0.074, 0.17, 0.106, 0.122, 0.186]
wondering why am I doing 	['wondering', 'why', 'am', 'I', 'doing']	[305.312, 305.846, 306.176, 306.368, 306.528]	[0.47, 0.276, 0.17, 0.138, 0.186]
this? And who am I doing this 	['this?', 'And', 'who', 'am', 'I', 'doing', 'this']	[306.752, 306.992, 307.168, 307.328, 307.552, 307.664, 307.872]	[0.202, 0.154, 0.138, 0.186, 0.106, 0.17, 0.25]
for? So 	['for?', 'So']	[308.176, 309.47]	[0.604, 0.412]
anyway, I just didn't know where to 	"['anyway,', 'I', 'just', ""didn't"", 'know', 'where', 'to']"	[309.936, 310.32, 310.528, 310.688, 310.87, 311.028, 311.188]	[0.314, 0.186, 0.138, 0.162, 0.136, 0.138, 0.09]
go. And I know that you and I have kind of 	['go.', 'And', 'I', 'know', 'that', 'you', 'and', 'I', 'have', 'kind', 'of']	[311.284, 311.492, 311.668, 311.764, 311.908, 312.068, 312.228, 312.388, 312.484, 312.628, 312.788]	[0.17, 0.154, 0.09, 0.122, 0.138, 0.138, 0.138, 0.09, 0.122, 0.138, 0.09]
drifted apart but 	['drifted', 'apart', 'but']	[312.884, 313.322, 313.786]	[0.39, 0.4, 0.516]
you're the only person I knew 	"[""you're"", 'the', 'only', 'person', 'I', 'knew']"	[314.436, 314.794, 314.948, 315.172, 315.412, 315.588]	[0.342, 0.132, 0.186, 0.202, 0.154, 0.138]
who lived here in the city 	['who', 'lived', 'here', 'in', 'the', 'city']	[315.748, 315.908, 316.138, 316.308, 316.468, 316.628]	[0.138, 0.198, 0.148, 0.138, 0.138, 0.522]
who wasn't invited to the 	"['who', ""wasn't"", 'invited', 'to', 'the']"	[317.3, 317.668, 317.998, 318.318, 318.488]	[0.326, 0.298, 0.288, 0.148, 0.09]
wedding. Oh, I was kind of hoping 	['wedding.', 'Oh,', 'I', 'was', 'kind', 'of', 'hoping']	[318.584, 319.198, 319.512, 319.624, 319.768, 319.864, 320.008]	[0.502, 0.276, 0.106, 0.122, 0.09, 0.122, 0.23]
that wouldn't be an issue. 	"['that', ""wouldn't"", 'be', 'an', 'issue.']"	[320.254, 320.408, 320.574, 320.728, 320.888]	[0.132, 0.15, 0.132, 0.138, 0.572]
	[]	[]	[]
	[]	[]	[]
	[]	[]	[]
	[]	[]	[]
	[]	[]	[]
	[]	[]	[]
	[]	[]	[]
	[]	[]	[]
	[]	[]	[]
	[]	[]	[]
Criminalisala De Marcela Singing all 	['Criminalisala', 'De', 'Marcela', 'Singing', 'all']	[331.83, 336.99, 337.148, 337.714, 338.082]	[5.14, 0.136, 0.55, 0.32, 0.116]
right, I'm guessing that he bought her 	"['right,', ""I'm"", 'guessing', 'that', 'he', 'bought', 'her']"	[338.204, 338.412, 338.658, 338.978, 339.148, 339.308, 339.538]	[0.17, 0.214, 0.288, 0.148, 0.138, 0.198, 0.148]
the big pipe organ and 	['the', 'big', 'pipe', 'organ', 'and']	[339.708, 339.804, 339.948, 340.258, 340.62]	[0.09, 0.122, 0.278, 0.292, 0.282]
she's really not happy about it. 	"[""she's"", 'really', 'not', 'happy', 'about', 'it.']"	[340.956, 341.298, 341.468, 341.628, 341.916, 342.108]	[0.31, 0.148, 0.138, 0.234, 0.17, 0.572]
	[]	[]	[]
Tuna. Egg 	['Tuna.', 'Egg']	[344.57, 345.138]	[0.536, 0.208]
salad, desa. 	['salad,', 'desa.']	[345.378, 346.162]	[0.656, 0.868]
	[]	[]	[]
I'll have 	"[""I'll"", 'have']"	[348.75, 349.286]	[0.472, 0.324]
whatever Christine is having. 	['whatever', 'Christine', 'is', 'having.']	[349.68, 350.272, 350.758, 350.992]	[0.474, 0.454, 0.196, 0.588]
	[]	[]	[]
Daddy, I 	['Daddy,', 'I']	[353.55, 354.038]	[0.456, 0.148]
just I can't 	"['just', 'I', ""can't""]"	[354.208, 355.25, 355.588]	[0.572, 0.316, 0.198]
marry him. 	['marry', 'him.']	[355.818, 356.202]	[0.336, 0.598]
I'm sorry. 	"[""I'm"", 'sorry.']"	[357.33, 357.866]	[0.472, 0.614]
I just don't love 	"['I', 'just', ""don't"", 'love']"	[359.09, 359.492, 359.732, 360.042]	[0.364, 0.202, 0.262, 0.26]
him. 	['him.']	[360.356]	[0.604]
Well, it matters 	['Well,', 'it', 'matters']	[362.45, 362.852, 363.028]	[0.364, 0.154, 0.358]
to me. 	['to', 'me.']	[363.418, 363.588]	[0.148, 0.572]
	[]	[]	[]
	[]	[]	[]
If I let 	['If', 'I', 'let']	[368.23, 368.824, 369.112]	[0.508, 0.25, 0.202]
go of my hair, my hip 	['go', 'of', 'my', 'hair,', 'my', 'hip']	[369.352, 369.592, 369.768, 369.992, 370.382, 370.696]	[0.202, 0.154, 0.186, 0.342, 0.26, 0.278]
will fall off. 	['will', 'fall', 'off.']	[371.022, 371.272, 371.576]	[0.212, 0.25, 0.604]
	[]	[]	[]
She 	['She']	[374.79]	[0.412]
should not be wearing those 	['should', 'not', 'be', 'wearing', 'those']	[375.256, 375.64, 375.976, 376.232, 376.478]	[0.314, 0.282, 0.218, 0.214, 0.196]
pants. 	['pants.']	[376.712]	[0.778]
I'd say push her down the 	"[""I'd"", 'say', 'push', 'her', 'down', 'the']"	[378.15, 378.638, 378.872, 379.198, 379.368, 379.528]	[0.456, 0.196, 0.294, 0.148, 0.138, 0.138]
stairs. Push her 	['stairs.', 'Push', 'her']	[379.688, 380.478, 380.798]	[0.678, 0.288, 0.1]
down. 	['down.']	[380.904]	[0.556]
Push. 	['Push.']	[382.23]	[0.78]
	[]	[]	[]
	[]	[]	[]
Come on, Daddy, listen to 	['Come', 'on,', 'Daddy,', 'listen', 'to']	[387.53, 387.868, 388.028, 388.482, 388.732]	[0.316, 0.138, 0.406, 0.212, 0.154]
me. It's 	"['me.', ""It's""]"	[388.908, 389.58]	[0.522, 0.374]
like it's like all of 	"['like', ""it's"", 'like', 'all', 'of']"	[390.002, 390.764, 391.218, 391.452, 391.628]	[0.596, 0.422, 0.196, 0.154, 0.138]
my life everyone has always 	['my', 'life', 'everyone', 'has', 'always']	[391.788, 392.012, 392.38, 392.716, 392.908]	[0.186, 0.298, 0.282, 0.17, 0.186]
told me, you're a 	"['told', 'me,', ""you're"", 'a']"	[393.132, 393.436, 393.884, 394.178]	[0.25, 0.362, 0.262, 0.148]
shoe. You're a shoe. 	"['shoe.', ""You're"", 'a', 'shoe.']"	[394.348, 395.298, 395.698, 395.868]	[0.758, 0.368, 0.148, 0.326]
You're a shoe. You're a shoe. 	"[""You're"", 'a', 'shoe.', ""You're"", 'a', 'shoe.']"	[396.242, 396.514, 396.668, 396.994, 397.238, 397.408]	[0.256, 0.132, 0.29, 0.212, 0.148, 0.342]
And then today I just stopped and I 	['And', 'then', 'today', 'I', 'just', 'stopped', 'and', 'I']	[397.83, 398.048, 398.208, 398.432, 398.544, 398.688, 398.998, 399.168]	[0.196, 0.138, 0.186, 0.106, 0.122, 0.278, 0.148, 0.138]
said what if I don't want to be a 	"['said', 'what', 'if', 'I', ""don't"", 'want', 'to', 'be', 'a']"	[399.328, 399.68, 399.888, 399.984, 400.128, 400.224, 400.368, 400.464, 400.544]	[0.282, 0.186, 0.09, 0.122, 0.09, 0.122, 0.09, 0.074, 0.122]
shoe? What if I want to 	['shoe?', 'What', 'if', 'I', 'want', 'to']	[400.688, 401.254, 401.488, 401.648, 401.744, 401.888]	[0.47, 0.212, 0.138, 0.09, 0.122, 0.09]
be a purse? 	['be', 'a', 'purse?']	[401.984, 402.576, 402.912]	[0.458, 0.298, 0.618]
Or a 	['Or', 'a']	[404.75, 405.088]	[0.316, 0.15]
hat? 	['hat?']	[405.264]	[0.686]
No, I don't want you 	"['No,', 'I', ""don't"", 'want', 'you']"	[407.33, 407.668, 407.764, 407.914, 408.004]	[0.316, 0.09, 0.134, 0.084, 0.122]
to buy me a hat. I'm saying that I am 	"['to', 'buy', 'me', 'a', 'hat.', ""I'm"", 'saying', 'that', 'I', 'am']"	[408.148, 408.308, 408.468, 408.628, 408.724, 408.938, 409.178, 409.348, 409.444, 409.588]	[0.138, 0.138, 0.138, 0.09, 0.182, 0.208, 0.148, 0.09, 0.122, 0.138]
a hat. It's a metaphor, 	"['a', 'hat.', ""It's"", 'a', 'metaphor,']"	[409.748, 409.844, 410.122, 410.314, 410.468]	[0.09, 0.23, 0.176, 0.132, 0.438]
Daddy. 	['Daddy.']	[410.938]	[0.772]
You 	['You']	[413.89]	[0.316]
can see where you'd have 	"['can', 'see', 'where', ""you'd"", 'have']"	[414.228, 414.388, 414.612, 414.788, 414.954]	[0.138, 0.186, 0.154, 0.15, 0.18]
trouble. 	['trouble.']	[415.172]	[0.698]
	[]	[]	[]
Look, Daddy, 	['Look,', 'Daddy,']	[419.11, 419.512]	[0.364, 0.422]
it's my life. 	"[""it's"", 'my', 'life.']"	[419.982, 420.238, 420.472]	[0.224, 0.196, 0.588]
Well, 	['Well,']	[422.63]	[0.364]
maybe I'll just stay here with 	"['maybe', ""I'll"", 'just', 'stay', 'here', 'with']"	[423.032, 423.272, 423.454, 423.672, 423.912, 424.088]	[0.202, 0.166, 0.18, 0.202, 0.154, 0.138]
Monica. 	['Monica.']	[424.248]	[0.922]
	[]	[]	[]
Well, I guess we've 	"['Well,', 'I', 'guess', ""we've""]"	[427.91, 428.312, 428.424, 428.568]	[0.364, 0.106, 0.122, 0.198]
established she's staying here with 	"['established', ""she's"", 'staying', 'here', 'with']"	[428.798, 429.214, 429.454, 429.614, 429.768]	[0.4, 0.224, 0.144, 0.132, 0.138]
Monica. 	['Monica.']	[429.928]	[0.762]
Well, maybe that's my 	"['Well,', 'maybe', ""that's"", 'my']"	[431.93, 432.268, 432.556, 432.818]	[0.316, 0.234, 0.23, 0.244]
decision. 	['decision.']	[433.116]	[0.714]
Well, maybe I don't 	"['Well,', 'maybe', 'I', ""don't""]"	[435.37, 435.772, 436.076, 436.268]	[0.364, 0.25, 0.17, 0.138]
need your money. 	['need', 'your', 'money.']	[436.428, 436.652, 436.956]	[0.186, 0.25, 0.65]
Wait. I said maybe. 	['Wait.', 'I', 'said', 'maybe.']	[437.788, 438.3, 438.444, 438.652]	[0.442, 0.138, 0.17, 0.588]
	[]	[]	[]
	[]	[]	[]
	[]	[]	[]
	[]	[]	[]
	[]	[]	[]
It's 	"[""It's""]"	[447.61]	[0.78]
breathe. 	['breathe.']	[448.99]	[0.776]
Breathe. That's it. Just 	"['Breathe.', ""That's"", 'it.', 'Just']"	[449.878, 450.214, 450.454, 451.12]	[0.32, 0.224, 0.516, 0.314]
try to think of nice, 	['try', 'to', 'think', 'of', 'nice,']	[451.472, 451.648, 451.744, 451.888, 452.112]	[0.154, 0.09, 0.122, 0.186, 0.346]
calm things. 	['calm', 'things.']	[452.544, 453.126]	[0.518, 0.614]
Raindrops on 	['Raindrops', 'on']	[454.11, 455.078]	[0.916, 0.264]
roses and 	['roses', 'and']	[455.396, 456.026]	[0.566, 0.614]
	[]	[]	[]
doorbells and sleigh bells 	['doorbells', 'and', 'sleigh', 'bells']	[458.21, 459.018, 459.316, 459.658]	[0.776, 0.244, 0.31, 0.416]
and sing with 	['and', 'sing', 'with']	[460.122, 460.948, 461.396]	[0.644, 0.394, 0.266]
mittens 	['mittens']	[461.716]	[0.794]
something 	['something']	[463.97]	[0.556]
and noodles with 	['and', 'noodles', 'with']	[464.628, 464.996, 465.546]	[0.314, 0.486, 0.276]
strings I'm all 	"['strings', ""I'm"", 'all']"	[465.876, 467.25, 467.594]	[0.714, 0.328, 0.144]
better now. 	['better', 'now.']	[467.764, 467.992]	[0.19, 0.588]
	[]	[]	[]
I have 	['I', 'have']	[470.87, 471.272]	[0.364, 0.588]
	[]	[]	[]
okay, 	['okay,']	[474.55]	[0.364]
look, this is probably for the best. You 	['look,', 'this', 'is', 'probably', 'for', 'the', 'best.', 'You']	[474.952, 475.448, 475.688, 475.848, 476.072, 476.184, 476.328, 476.616]	[0.394, 0.218, 0.138, 0.186, 0.106, 0.122, 0.234, 0.17]
know, 	['know,']	[476.808]	[0.572]
independence, taking control 	['independence,', 'taking', 'control']	[477.83, 479.102, 479.432]	[1.144, 0.292, 0.298]
of your life. The 	['of', 'your', 'life.', 'The']	[479.8, 479.944, 480.168, 480.732]	[0.138, 0.182, 0.446, 0.234]
whole hat thing. 	['whole', 'hat', 'thing.']	[480.988, 481.596, 482.082]	[0.474, 0.438, 0.404]
And hey, you need 	['And', 'hey,', 'you', 'need']	[482.588, 482.892, 483.58, 483.932]	[0.266, 0.538, 0.314, 0.202]
anything, you can 	['anything,', 'you', 'can']	[484.172, 484.988, 485.308]	[0.634, 0.298, 0.138]
always come to Joey. 	['always', 'come', 'to', 'Joey.']	[485.468, 485.82, 486.028, 486.252]	[0.282, 0.186, 0.186, 0.662]
Me and Chandler live right across the 	['Me', 'and', 'Chandler', 'live', 'right', 'across', 'the']	[487.042, 487.308, 487.468, 487.874, 488.092, 488.268, 488.556]	[0.244, 0.138, 0.39, 0.18, 0.154, 0.234, 0.122]
hall, and he's away 	"['hall,', 'and', ""he's"", 'away']"	[488.684, 489.362, 489.628, 489.858]	[0.55, 0.244, 0.198, 0.196]
a lot. 	['a', 'lot.']	[490.092, 490.268]	[0.154, 0.572]
Joey, 	['Joey,']	[492.43]	[0.504]
stop hitting on her. It's her 	"['stop', 'hitting', 'on', 'her.', ""It's"", 'her']"	[492.982, 493.296, 493.638, 493.808, 493.968, 494.198]	[0.26, 0.31, 0.148, 0.138, 0.198, 0.148]
wedding day. What, like 	['wedding', 'day.', 'What,', 'like']	[494.368, 494.758, 495.44, 495.856]	[0.358, 0.532, 0.362, 0.17]
there's a rule or something? 	"[""there's"", 'a', 'rule', 'or', 'something?']"	[496.048, 496.294, 496.448, 496.742, 496.928]	[0.23, 0.132, 0.246, 0.164, 0.572]
	[]	[]	[]
	[]	[]	[]
I got it. 	['I', 'got', 'it.']	[500.59, 500.992, 501.232]	[0.364, 0.202, 0.588]
	[]	[]	[]
Please don't do that again. It's 	"['Please', ""don't"", 'do', 'that', 'again.', ""It's""]"	[503.23, 503.824, 504.118, 504.288, 504.512, 504.816]	[0.508, 0.262, 0.148, 0.186, 0.25, 0.23]
a horrible sound. 	['a', 'horrible', 'sound.']	[505.078, 505.2, 505.642]	[0.112, 0.394, 0.598]
It's 	"[""It's""]"	[507.65]	[0.424]
Paul. Oh, God. 	['Paul.', 'Oh,', 'God.']	[508.122, 508.826, 509.172]	[0.56, 0.308, 0.346]
Is it 630? 	['Is', 'it', '630?']	[509.604, 509.828, 509.988]	[0.202, 0.138, 0.812]
Buz him in. 	['Buz', 'him', 'in.']	[511.49, 511.898, 512.132]	[0.376, 0.196, 0.298]
Who's Paul? Paul, the wine 	"[""Who's"", 'Paul?', 'Paul,', 'the', 'wine']"	[512.5, 512.922, 513.306, 513.578, 513.748]	[0.374, 0.32, 0.24, 0.148, 0.278]
guy, Paul? 	['guy,', 'Paul?']	[514.058, 514.356]	[0.244, 0.742]
Maybe. Wait a minute. You're 	"['Maybe.', 'Wait', 'a', 'minute.', ""You're""]"	[515.274, 515.972, 516.228, 516.388, 516.682]	[0.58, 0.234, 0.138, 0.246, 0.176]
not a real date tonight is with 	['not', 'a', 'real', 'date', 'tonight', 'is', 'with']	[516.874, 517.092, 517.204, 517.476, 517.796, 518.122, 518.324]	[0.18, 0.106, 0.218, 0.266, 0.278, 0.176, 0.142]
Paul, the wine guy? 	['Paul,', 'the', 'wine', 'guy?']	[518.488, 518.862, 519.048, 519.358]	[0.326, 0.164, 0.278, 0.34]
He finally asked you out? 	['He', 'finally', 'asked', 'you', 'out?']	[519.784, 520.072, 520.44, 520.648, 520.872]	[0.25, 0.298, 0.186, 0.186, 0.25]
Yes. Oh, this is a dear 	['Yes.', 'Oh,', 'this', 'is', 'a', 'dear']	[521.176, 521.688, 522.056, 522.248, 522.344, 522.488]	[0.41, 0.314, 0.17, 0.09, 0.122, 0.246]
diary 	['diary']	[522.782]	[0.628]
wait, wait. 	['wait,', 'wait.']	[524.95, 525.48]	[0.46, 0.426]
I can cancel. Oh, 	['I', 'can', 'cancel.', 'Oh,']	[526.008, 526.184, 526.392, 526.91]	[0.17, 0.17, 0.438, 0.244]
God. Please, no, go. I'll be 	"['God.', 'Please,', 'no,', 'go.', ""I'll"", 'be']"	[527.192, 527.56, 527.96, 528.36, 528.568, 528.734]	[0.298, 0.33, 0.33, 0.186, 0.15, 0.18]
fine. 	['fine.']	[528.952]	[0.588]
Ross, are you okay? I mean, do you want me to 	['Ross,', 'are', 'you', 'okay?', 'I', 'mean,', 'do', 'you', 'want', 'me', 'to']	[530.01, 530.498, 530.604, 530.748, 531.036, 531.164, 531.308, 531.468, 531.564, 531.644, 531.788]	[0.456, 0.1, 0.122, 0.234, 0.122, 0.122, 0.138, 0.09, 0.074, 0.122, 0.138]
stay? 	['stay?']	[531.948]	[0.572]
That'd be 	"[""That'd"", 'be']"	[533.61, 534.114]	[0.488, 0.18]
good. 	['good.']	[534.332]	[0.588]
	[]	[]	[]
Really? No, go 	['Really?', 'No,', 'go']	[537.69, 538.348, 538.78]	[0.556, 0.362, 0.282]
on. It's Paul. The wine 	"['on.', ""It's"", 'Paul.', 'The', 'wine']"	[539.116, 539.5, 539.858, 540.098, 540.268]	[0.314, 0.326, 0.208, 0.148, 0.326]
guy? 	['guy?']	[540.642]	[0.598]
Does that mean does he sell it, 	['Does', 'that', 'mean', 'does', 'he', 'sell', 'it,']	[542.09, 542.508, 542.752, 542.928, 543.152, 543.328, 543.552]	[0.376, 0.206, 0.154, 0.186, 0.154, 0.186, 0.202]
drink it, or he just complains a 	['drink', 'it,', 'or', 'he', 'just', 'complains', 'a']	[543.792, 544.038, 544.208, 544.368, 544.464, 544.608, 545.078]	[0.214, 0.148, 0.138, 0.09, 0.122, 0.438, 0.1]
lot? 	['lot?']	[545.184]	[0.556]
Hi. Come 	['Hi.', 'Come']	[547.55, 548.08]	[0.46, 0.234]
in. Paul, this 	['in.', 'Paul,', 'this']	[548.352, 549.04, 549.526]	[0.538, 0.422, 0.18]
is 	['is']	[549.728]	[0.572]
everybody. 	['everybody.']	[551.07]	[0.75]
	[]	[]	[]
	[]	[]	[]
I'm sorry, I didn't catch 	"[""I'm"", 'sorry,', 'I', ""didn't"", 'catch']"	[556.13, 556.538, 556.772, 556.884, 557.034]	[0.376, 0.196, 0.106, 0.134, 0.192]
your name. Paul, was 	['your', 'name.', 'Paul,', 'was']	[557.258, 557.428, 557.716, 558.042]	[0.148, 0.234, 0.278, 0.212]
it? 	['it?']	[558.292]	[0.588]
Okay, 	['Okay,']	[560.77]	[0.7]
I'll be right back. I've just got to 	"[""I'll"", 'be', 'right', 'back.', ""I've"", 'just', 'got', 'to']"	[561.62, 561.914, 562.004, 562.148, 562.308, 562.474, 562.628, 562.724]	[0.278, 0.084, 0.122, 0.138, 0.15, 0.132, 0.09, 0.074]
go a 	['go', 'a']	[562.804, 564.05]	[0.556, 0.316]
wandering. 	['wandering.']	[564.388]	[0.922]
	[]	[]	[]
Change. Okay. Sit down 2 	['Change.', 'Okay.', 'Sit', 'down', '2']	[566.93, 567.924, 568.376, 568.568, 568.92]	[0.808, 0.398, 0.17, 0.282, 0.234]
seconds. 	['seconds.']	[569.192]	[0.698]
	[]	[]	[]
	[]	[]	[]
Oh, I just 	['Oh,', 'I', 'just']	[574.39, 574.728, 574.888]	[0.316, 0.138, 0.138]
pulled out four eyelashes. That 	['pulled', 'out', 'four', 'eyelashes.', 'That']	[575.048, 575.278, 575.448, 575.672, 576.366]	[0.198, 0.148, 0.186, 0.63, 0.18]
can't be good. 	"[""can't"", 'be', 'good.']"	[576.568, 576.798, 576.968]	[0.198, 0.148, 0.572]
	[]	[]	[]
	[]	[]	[]
	[]	[]	[]
Hey, Paul. 	['Hey,', 'Paul.']	[582.63, 583.032]	[0.364, 0.698]
Here's a little tip. 	"[""Here's"", 'a', 'little', 'tip.']"	[584.07, 584.51, 584.604, 584.812]	[0.42, 0.088, 0.17, 0.438]
She really likes it when 	['She', 'really', 'likes', 'it', 'when']	[585.33, 585.74, 586.14, 586.498, 586.796]	[0.34, 0.33, 0.326, 0.244, 0.17]
you rub her neck in the same 	['you', 'rub', 'her', 'neck', 'in', 'the', 'same']	[586.988, 587.148, 587.378, 587.548, 587.842, 587.964, 588.108]	[0.138, 0.198, 0.148, 0.246, 0.116, 0.122, 0.186]
spot over and over and over 	['spot', 'over', 'and', 'over', 'and', 'over']	[588.332, 588.786, 589.052, 589.292, 589.532, 589.772]	[0.39, 0.228, 0.202, 0.202, 0.202, 0.202]
again till it starts to get a little 	['again', 'till', 'it', 'starts', 'to', 'get', 'a', 'little']	[590.012, 590.252, 590.498, 590.732, 590.978, 591.084, 591.228, 591.324]	[0.202, 0.214, 0.196, 0.214, 0.1, 0.122, 0.09, 0.17]
red. 	['red.']	[591.532]	[0.588]
	[]	[]	[]
	[]	[]	[]
So, 	['So,']	[596.99]	[0.364]
Rachel, what are you up to 	['Rachel,', 'what', 'are', 'you', 'up', 'to']	[597.392, 598.166, 598.384, 598.464, 598.544, 598.688]	[0.63, 0.212, 0.074, 0.074, 0.122, 0.138]
tonight? Well, 	['tonight?', 'Well,']	[598.848, 599.79]	[0.602, 0.508]
I was kind of supposed 	['I', 'was', 'kind', 'of', 'supposed']	[600.384, 600.736, 601.184, 601.472, 601.648]	[0.298, 0.362, 0.25, 0.154, 0.186]
to be headed for Aruba on 	['to', 'be', 'headed', 'for', 'Aruba', 'on']	[601.872, 602.048, 602.144, 602.454, 602.608, 603.094]	[0.154, 0.09, 0.294, 0.132, 0.47, 0.132]
my honeymoon. So 	['my', 'honeymoon.', 'So']	[603.248, 603.536, 604.182]	[0.234, 0.598, 0.212]
nothing. 	['nothing.']	[604.432]	[0.588]
Right? 	['Right?']	[607.39]	[0.412]
You're not even getting 	"[""You're"", 'not', 'even', 'getting']"	[607.856, 608.054, 608.208, 608.688]	[0.182, 0.132, 0.378, 0.266]
your no. 	['your', 'no.']	[608.992, 610.27]	[0.588, 0.412]
No Avoke 	['No', 'Avoke']	[610.736, 611.056]	[0.266, 0.578]
aruba this time of year. 	['aruba', 'this', 'time', 'of', 'year.']	[611.702, 612.698, 613.012, 613.188, 613.348]	[0.884, 0.276, 0.154, 0.138, 0.522]
Talk about your 	['Talk', 'about', 'your']	[614.02, 614.372, 614.612]	[0.314, 0.202, 0.588]
	[]	[]	[]
big lizards. 	['big', 'lizards.']	[616.53, 616.996]	[0.412, 0.874]
	[]	[]	[]
	[]	[]	[]
	[]	[]	[]
Anyway, if you don't feel like 	"['Anyway,', 'if', 'you', ""don't"", 'feel', 'like']"	[622.47, 623.384, 623.688, 623.784, 623.934, 624.152]	[0.748, 0.282, 0.09, 0.134, 0.18, 0.154]
being alone tonight 	['being', 'alone', 'tonight']	[624.328, 624.552, 624.878]	[0.186, 0.294, 0.48]
Joey and Chandler are coming over to help me put 	['Joey', 'and', 'Chandler', 'are', 'coming', 'over', 'to', 'help', 'me', 'put']	[625.454, 625.838, 625.944, 626.254, 626.344, 626.488, 626.648, 626.808, 626.968, 627.064]	[0.352, 0.1, 0.294, 0.084, 0.122, 0.138, 0.138, 0.138, 0.09, 0.122]
together my new furniture. Yes, 	['together', 'my', 'new', 'furniture.', 'Yes,']	[627.208, 627.624, 627.784, 627.928, 628.526]	[0.33, 0.154, 0.122, 0.534, 0.228]
and we're very excited 	"['and', ""we're"", 'very', 'excited']"	[628.792, 628.968, 629.326, 629.656]	[0.154, 0.294, 0.276, 0.358]
about it. 	['about', 'it.']	[630.062, 630.376]	[0.26, 0.604]
Actually, thanks, but I 	['Actually,', 'thanks,', 'but', 'I']	[631.99, 632.584, 632.936, 633.128]	[0.508, 0.298, 0.17, 0.09]
think I'm just going to hang out 	"['think', ""I'm"", 'just', 'going', 'to', 'hang', 'out']"	[633.224, 633.368, 633.534, 633.704, 633.804, 634.076, 634.338]	[0.122, 0.15, 0.144, 0.094, 0.218, 0.23, 0.34]
here tonight. It's been a 	"['here', 'tonight.', ""It's"", 'been', 'a']"	[634.764, 635.052, 635.442, 635.762, 635.948]	[0.25, 0.342, 0.272, 0.164, 0.09]
long oh, sure. Okay, sure. 	['long', 'oh,', 'sure.', 'Okay,', 'sure.']	[636.044, 636.38, 636.588, 636.812, 637.052]	[0.266, 0.186, 0.186, 0.202, 0.442]
Hey, Phoebe, do you want to 	['Hey,', 'Phoebe,', 'do', 'you', 'want', 'to']	[637.612, 637.932, 638.258, 638.364, 638.444, 638.524]	[0.282, 0.294, 0.1, 0.074, 0.074, 0.122]
help? Oh, I wish I could, 	['help?', 'Oh,', 'I', 'wish', 'I', 'could,']	[638.668, 639.404, 639.772, 639.948, 640.178, 640.412]	[0.57, 0.33, 0.154, 0.198, 0.196, 0.202]
but I don't want to. 	"['but', 'I', ""don't"", 'want', 'to.']"	[640.652, 640.828, 640.924, 641.138, 641.308]	[0.154, 0.09, 0.182, 0.148, 0.572]
	[]	[]	[]
	[]	[]	[]
	[]	[]	[]
	[]	[]	[]
	[]	[]	[]
	[]	[]	[]
Love is sweet 	['Love', 'is', 'sweet']	[651.13, 651.596, 651.916]	[0.412, 0.266, 0.406]
as summer 	['as', 'summer']	[652.386, 652.78]	[0.324, 0.598]
showers love is 	['showers', 'love', 'is']	[653.474, 654.322, 654.716]	[0.72, 0.34, 0.386]
wondrous work of 	['wondrous', 'work', 'of']	[655.196, 656.01, 656.484]	[0.734, 0.388, 0.298]
art but your 	['art', 'but', 'your']	[656.836, 657.476, 657.94]	[0.506, 0.394, 0.378]
love oh, your 	['love', 'oh,', 'your']	[658.404, 658.948, 659.316]	[0.442, 0.314, 0.41]
love your love 	['love', 'your', 'love']	[659.828, 660.388, 660.884]	[0.458, 0.41, 0.636]
	[]	[]	[]
is like a 	['is', 'like', 'a']	[663.17, 663.572, 663.748]	[0.364, 0.154, 0.186]
giant pigeon 	['giant', 'pigeon']	[663.972, 664.698]	[0.614, 0.932]
	[]	[]	[]
prepping 	['prepping']	[667.83]	[0.84]
on my heart 	['on', 'my', 'heart']	[668.75, 669.096, 669.544]	[0.292, 0.362, 0.636]
	[]	[]	[]
	[]	[]	[]
thank you, la 	['thank', 'you,', 'la']	[673.91, 674.312, 674.616]	[0.364, 0.25, 0.218]
la. 	['la.']	[674.872]	[0.588]
	[]	[]	[]
	[]	[]	[]
	[]	[]	[]
	[]	[]	[]
	[]	[]	[]
I'm supposed to 	"[""I'm"", 'supposed', 'to']"	[684.49, 684.898, 685.068]	[0.376, 0.148, 0.138]
attach a brackety 	['attach', 'a', 'brackety']	[685.228, 685.81, 686.092]	[0.502, 0.244, 0.47]
thing to the side 	['thing', 'to', 'the', 'side']	[686.626, 686.956, 687.212, 687.452]	[0.276, 0.218, 0.202, 0.298]
things using a bunch 	['things', 'using', 'a', 'bunch']	[687.82, 688.81, 689.34, 689.548]	[0.62, 0.46, 0.186, 0.198]
of these little worm 	['of', 'these', 'little', 'worm']	[689.778, 689.948, 690.236, 690.492]	[0.148, 0.234, 0.218, 0.342]
guys. 	['guys.']	[690.882]	[0.598]
I have no 	['I', 'have', 'no']	[692.99, 693.648, 694.016]	[0.556, 0.314, 0.17]
brackety thing. I see 	['brackety', 'thing.', 'I', 'see']	[694.208, 694.742, 695.184, 695.536]	[0.486, 0.356, 0.298, 0.218]
no worm guys 	['no', 'worm', 'guys']	[695.792, 695.968, 696.294]	[0.154, 0.31, 0.276]
whatsoever and I 	['whatsoever', 'and', 'I']	[696.64, 697.798, 698.256]	[0.966, 0.404, 0.362]
cannot feel my 	['cannot', 'feel', 'my']	[698.704, 699.158, 699.392]	[0.422, 0.196, 0.202]
legs. 	['legs.']	[699.632]	[0.698]
	[]	[]	[]
I'm thinking. We 	"[""I'm"", 'thinking.', 'We']"	[703.95, 704.294, 704.512]	[0.328, 0.18, 0.154]
got a bookcase here. It's a beautiful 	"['got', 'a', 'bookcase', 'here.', ""It's"", 'a', 'beautiful']"	[704.688, 704.784, 704.928, 705.398, 705.588, 705.754, 705.908]	[0.09, 0.122, 0.418, 0.168, 0.15, 0.132, 0.282]
thing. 	['thing.']	[706.26]	[0.62]
What's 	"[""What's""]"	[708.37]	[0.456]
this? I would have to 	['this?', 'I', 'would', 'have', 'to']	[708.858, 709.81, 710.148, 710.372, 710.484]	[0.582, 0.316, 0.186, 0.106, 0.17]
say that it's an L 	"['say', 'that', ""it's"", 'an', 'L']"	[710.692, 710.932, 711.172, 711.354, 711.572]	[0.202, 0.202, 0.166, 0.18, 0.394]
shaped 	['shaped']	[712.068]	[0.838]
bracket. 	['bracket.']	[713.018]	[0.932]
Which goes where? 	['Which', 'goes', 'where?']	[715.33, 715.796, 716.116]	[0.412, 0.266, 0.41]
I have no 	['I', 'have', 'no']	[716.628, 716.868, 717.62]	[0.218, 0.582, 0.382]
idea. 	['idea.']	[718.056]	[0.604]
	[]	[]	[]
Done with the 	['Done', 'with', 'the']	[721.43, 721.768, 721.928]	[0.316, 0.138, 0.09]
bookcase. 	['bookcase.']	[722.024]	[0.746]
	[]	[]	[]
	[]	[]	[]
This was 	['This', 'was']	[727.83, 728.168]	[0.316, 0.186]
Carol's favorite 	"[""Carol's"", 'favorite']"	[728.392, 728.878]	[0.454, 0.464]
beer. 	['beer.']	[729.406]	[0.724]
She always drank it out of 	['She', 'always', 'drank', 'it', 'out', 'of']	[731.83, 732.168, 732.392, 732.654, 732.808, 732.904]	[0.316, 0.186, 0.246, 0.132, 0.09, 0.074]
the can. I should have. 	['the', 'can.', 'I', 'should', 'have.']	[732.984, 733.128, 733.608, 733.784, 733.928]	[0.122, 0.378, 0.17, 0.122, 0.572]
	[]	[]	[]
	[]	[]	[]
Hey, 	['Hey,']	[737.43]	[0.75]
if you're going to start with that 	"['if', ""you're"", 'going', 'to', 'start', 'with', 'that']"	[738.89, 739.42, 739.628, 739.724, 739.804, 740.012, 740.188]	[0.46, 0.186, 0.09, 0.074, 0.17, 0.154, 0.186]
stuff, we're out of here. Yes, please 	"['stuff,', ""we're"", 'out', 'of', 'here.', 'Yes,', 'please']"	[740.412, 740.716, 740.914, 741.068, 741.164, 741.436, 741.756]	[0.25, 0.182, 0.132, 0.09, 0.218, 0.266, 0.218]
don't spoil all this 	"[""don't"", 'spoil', 'all', 'this']"	[742.012, 742.258, 742.61, 743.152]	[0.214, 0.332, 0.424, 0.33]
fun. 	['fun.']	[743.536]	[0.604]
Ross, let me ask you a question. 	['Ross,', 'let', 'me', 'ask', 'you', 'a', 'question.']	[744.67, 745.142, 745.328, 745.424, 745.568, 745.728, 745.888]	[0.424, 0.164, 0.09, 0.122, 0.138, 0.138, 0.378]
She got the 	['She', 'got', 'the']	[746.368, 746.736, 747.12]	[0.314, 0.314, 0.186]
furniture, the stereo, 	['furniture,', 'the', 'stereo,']	[747.328, 748.198, 748.512]	[0.758, 0.276, 0.646]
the good TV 	['the', 'good', 'TV']	[749.254, 749.552, 749.856]	[0.26, 0.25, 0.742]
what did you get? 	['what', 'did', 'you', 'get?']	[750.774, 751.088, 751.312, 751.488]	[0.292, 0.186, 0.154, 0.572]
You guys? Oh, 	['You', 'guys?', 'Oh,']	[752.83, 753.232, 753.6]	[0.364, 0.298, 0.234]
God. You got. Oh, my 	['God.', 'You', 'got.', 'Oh,', 'my']	[753.872, 754.176, 754.432, 754.864, 755.088]	[0.25, 0.218, 0.346, 0.202, 0.282]
God. Oh, 	['God.', 'Oh,']	[755.44, 756.352]	[0.714, 0.314]
my God. I 	['my', 'God.', 'I']	[756.688, 756.976, 757.872]	[0.234, 0.698, 0.362]
know. I'm such an 	"['know.', ""I'm"", 'such', 'an']"	[758.272, 758.512, 758.854, 759.092]	[0.202, 0.306, 0.2, 0.154]
idiot. I guess 	['idiot.', 'I', 'guess']	[759.268, 760.93, 761.204]	[0.762, 0.268, 0.17]
I should have caught on when you started going 	['I', 'should', 'have', 'caught', 'on', 'when', 'you', 'started', 'going']	[761.412, 761.524, 761.668, 761.828, 761.994, 762.148, 762.308, 762.468, 762.692]	[0.106, 0.122, 0.138, 0.15, 0.132, 0.138, 0.138, 0.186, 0.154]
to the dentist four and 	['to', 'the', 'dentist', 'four', 'and']	[762.868, 762.964, 763.108, 763.626, 763.892]	[0.09, 0.122, 0.454, 0.228, 0.202]
five times a week. I 	['five', 'times', 'a', 'week.', 'I']	[764.132, 764.436, 764.756, 764.948, 765.62]	[0.25, 0.266, 0.17, 0.522, 0.218]
mean, how clean can teeth 	['mean,', 'how', 'clean', 'can', 'teeth']	[765.844, 765.988, 766.148, 766.436, 766.628]	[0.122, 0.138, 0.234, 0.17, 0.246]
get? My brother's 	"['get?', 'My', ""brother's""]"	[766.922, 768.05, 768.388]	[0.598, 0.316, 0.358]
going through that right now. He's 	"['going', 'through', 'that', 'right', 'now.', ""He's""]"	[768.778, 768.948, 769.108, 769.268, 769.428, 769.844]	[0.148, 0.138, 0.138, 0.138, 0.33, 0.262]
such a mess. How did you get through 	['such', 'a', 'mess.', 'How', 'did', 'you', 'get', 'through']	[770.138, 770.372, 770.484, 770.948, 771.188, 771.348, 771.444, 771.588]	[0.196, 0.106, 0.362, 0.218, 0.138, 0.09, 0.122, 0.186]
it? You might 	['it?', 'You', 'might']	[771.812, 772.628, 772.964]	[0.634, 0.31, 0.19]
try accidentally breaking 	['try', 'accidentally', 'breaking']	[773.192, 773.56, 774.382]	[0.298, 0.774, 0.384]
something valuable of hers. 	['something', 'valuable', 'of', 'hers.']	[774.798, 775.032, 775.422, 775.608]	[0.196, 0.342, 0.164, 0.518]
Say her leg. 	['Say', 'her', 'leg.']	[776.238, 776.616, 777.0]	[0.324, 0.314, 0.62]
	[]	[]	[]
	[]	[]	[]
Me, I went for the 	['Me,', 'I', 'went', 'for', 'the']	[780.39, 781.048, 781.288, 781.464, 781.628]	[0.556, 0.218, 0.15, 0.142, 0.138]
watch. You actually broke her 	['watch.', 'You', 'actually', 'broke', 'her']	[781.788, 782.524, 782.892, 783.196, 783.538]	[0.57, 0.33, 0.25, 0.31, 0.196]
watch? Wow. 	['watch?', 'Wow.']	[783.772, 784.588]	[0.634, 0.634]
The worst thing that I ever did 	['The', 'worst', 'thing', 'that', 'I', 'ever', 'did']	[785.356, 785.628, 785.794, 785.948, 786.044, 786.188, 786.348]	[0.25, 0.15, 0.132, 0.09, 0.122, 0.138, 0.186]
was I shredded my 	['was', 'I', 'shredded', 'my']	[786.572, 787.324, 787.628, 788.098]	[0.586, 0.282, 0.438, 0.1]
old boyfriend's favorite bath 	"['old', ""boyfriend's"", 'favorite', 'bath']"	[788.204, 788.348, 788.962, 789.298]	[0.122, 0.566, 0.304, 0.208]
towel. OOH. Steer 	['towel.', 'OOH.', 'Steer']	[789.538, 790.05, 790.674]	[0.432, 0.528, 0.352]
clear of you. 	['clear', 'of', 'you.']	[791.058, 791.292, 791.532]	[0.196, 0.202, 0.588]
	[]	[]	[]
Barry, I'm 	"['Barry,', ""I'm""]"	[793.93, 794.69]	[0.68, 0.384]
sorry. I'm so sorry. 	"['sorry.', ""I'm"", 'so', 'sorry.']"	[795.122, 795.82, 796.322, 796.636]	[0.548, 0.454, 0.26, 0.458]
I know you probably think this is 	['I', 'know', 'you', 'probably', 'think', 'this', 'is']	[797.212, 797.468, 797.628, 797.788, 798.092, 798.352, 798.528]	[0.234, 0.138, 0.138, 0.246, 0.222, 0.154, 0.09]
all about what I said the other night about 	['all', 'about', 'what', 'I', 'said', 'the', 'other', 'night', 'about']	[798.624, 798.768, 798.928, 799.088, 799.248, 799.408, 799.504, 799.712, 799.888]	[0.122, 0.138, 0.138, 0.138, 0.138, 0.09, 0.17, 0.154, 0.186]
you making love with your socks on, 	['you', 'making', 'love', 'with', 'your', 'socks', 'on,']	[800.112, 800.288, 800.512, 800.688, 800.848, 801.008, 801.318]	[0.154, 0.186, 0.154, 0.138, 0.138, 0.278, 0.196]
but it isn't. It isn't. It's 	"['but', 'it', ""isn't."", 'It', ""isn't."", ""It's""]"	[801.552, 801.728, 801.888, 802.31, 802.528, 802.758]	[0.154, 0.138, 0.342, 0.196, 0.198, 0.208]
about me. And I 	['about', 'me.', 'And', 'I']	[802.998, 803.296, 803.808, 804.048]	[0.244, 0.41, 0.218, 0.138]
didn't. 	"[""didn't.""]"	[804.208]	[0.602]
	[]	[]	[]
	[]	[]	[]
	[]	[]	[]
	[]	[]	[]
Hi. Machine cut me off 	['Hi.', 'Machine', 'cut', 'me', 'off']	[812.13, 812.66, 813.082, 813.268, 813.364]	[0.46, 0.374, 0.164, 0.09, 0.17]
again. Anyway, 	['again.', 'Anyway,']	[813.572, 813.94]	[0.298, 0.62]
	[]	[]	[]
look, 	['look,']	[817.17]	[0.75]
	[]	[]	[]
I know that some 	['I', 'know', 'that', 'some']	[819.91, 820.312, 820.488, 820.712]	[0.364, 0.154, 0.186, 0.202]
girl is going to be 	['girl', 'is', 'going', 'to', 'be']	[820.952, 821.192, 821.368, 821.528, 821.624]	[0.202, 0.154, 0.138, 0.09, 0.266]
incredibly lucky to become Mrs. 	['incredibly', 'lucky', 'to', 'become', 'Mrs.']	[821.96, 822.558, 822.958, 823.128, 823.416]	[0.566, 0.368, 0.148, 0.234, 0.31]
Barry Finkel, but 	['Barry', 'Finkel,', 'but']	[823.758, 824.222, 825.166]	[0.416, 0.8, 0.26]
it isn't me. 	"['it', ""isn't"", 'me.']"	[825.448, 825.608, 825.966]	[0.138, 0.294, 0.564]
It's not me. 	"[""It's"", 'not', 'me.']"	[826.68, 827.182, 827.624]	[0.454, 0.356, 0.682]
And not that I have any 	['And', 'not', 'that', 'I', 'have', 'any']	[828.488, 829.0, 829.208, 829.368, 829.464, 829.608]	[0.442, 0.186, 0.138, 0.09, 0.122, 0.138]
idea who me is right now, but 	['idea', 'who', 'me', 'is', 'right', 'now,', 'but']	[829.768, 829.992, 830.184, 830.412, 830.588, 830.812, 831.052]	[0.186, 0.166, 0.19, 0.154, 0.186, 0.202, 0.25]
you just have to give me a chance 	['you', 'just', 'have', 'to', 'give', 'me', 'a', 'chance']	[831.356, 831.612, 831.788, 831.884, 832.028, 832.188, 832.348, 832.508]	[0.218, 0.154, 0.09, 0.122, 0.138, 0.138, 0.138, 0.234]
to 	['to']	[832.796]	[0.604]
	[]	[]	[]
I'm divorced. 	"[""I'm"", 'divorced.']"	[835.93, 836.418]	[0.456, 0.772]
I'm only 	"[""I'm"", 'only']"	[837.69, 838.098]	[0.376, 0.196]
26 and I'm divorced. 	"['26', 'and', ""I'm"", 'divorced.']"	[838.332, 838.956, 839.148, 839.378]	[0.57, 0.17, 0.198, 0.736]
Shut up. 	['Shut', 'up.']	[840.242, 840.722]	[0.432, 0.596]
Must stop. 	['Must', 'stop.']	[841.484, 842.172]	[0.57, 0.668]
	[]	[]	[]
	[]	[]	[]
	[]	[]	[]
	[]	[]	[]
Shut 	['Shut']	[847.69]	[2.552]
up. Got 	['up.', 'Got']	[850.306, 851.85]	[0.614, 0.316]
to understand, between us, 	['to', 'understand,', 'between', 'us,']	[852.188, 852.348, 852.828, 853.324]	[0.138, 0.378, 0.41, 0.298]
we haven't had a relationship that 	"['we', ""haven't"", 'had', 'a', 'relationship', 'that']"	[853.676, 853.868, 854.034, 854.188, 854.284, 854.748]	[0.17, 0.15, 0.132, 0.09, 0.362, 0.338]
lasted longer than a 	['lasted', 'longer', 'than', 'a']	[855.148, 855.498, 855.732, 855.908]	[0.318, 0.196, 0.154, 0.138]
mento. 	['mento.']	[856.068]	[0.842]
	[]	[]	[]
You, however, 	['You,', 'however,']	[859.89, 860.484]	[0.508, 0.49]
have had the love of a woman for 	['have', 'had', 'the', 'love', 'of', 'a', 'woman', 'for']	[861.092, 861.348, 861.508, 861.668, 861.892, 862.004, 862.084, 862.442]	[0.234, 0.138, 0.138, 0.186, 0.106, 0.074, 0.31, 0.212]
four years. Four 	['four', 'years.', 'Four']	[862.692, 862.996, 863.636]	[0.25, 0.506, 0.442]
years of 	['years', 'of']	[864.164, 864.772]	[0.49, 0.33]
closeness and sharing, at 	['closeness', 'and', 'sharing,', 'at']	[865.156, 865.786, 866.052, 866.89]	[0.566, 0.228, 0.678, 0.276]
the end of which she ripped 	['the', 'end', 'of', 'which', 'she', 'ripped']	[867.188, 867.284, 867.428, 867.588, 867.876, 868.196]	[0.09, 0.122, 0.138, 0.234, 0.266, 0.31]
your heart out. And that is why we 	['your', 'heart', 'out.', 'And', 'that', 'is', 'why', 'we']	[868.538, 868.708, 868.932, 869.172, 869.284, 869.428, 869.588, 869.812]	[0.148, 0.186, 0.202, 0.106, 0.122, 0.138, 0.186, 0.202]
don't do it. 	"[""don't"", 'do', 'it.']"	[870.052, 870.362, 870.612]	[0.262, 0.212, 0.588]
	[]	[]	[]
I don't think that was my 	"['I', ""don't"", 'think', 'that', 'was', 'my']"	[872.85, 873.188, 873.418, 873.588, 873.748, 873.908]	[0.316, 0.198, 0.148, 0.138, 0.138, 0.186]
point. 	['point.']	[874.132]	[0.588]
	[]	[]	[]
	[]	[]	[]
	[]	[]	[]
